<?xml version="1.0" encoding="UTF-8"?>
<beans xmlns="http://www.springframework.org/schema/beans"
 xmlns:p="http://www.springframework.org/schema/p" xmlns:xsi="http://www.w3.org/2001/XMLSchema-instance"
 xmlns:util="http://www.springframework.org/schema/util"
 xsi:schemaLocation="
  http://www.springframework.org/schema/beans http://www.springframework.org/schema/beans/spring-beans.xsd
  http://www.springframework.org/schema/batch http://www.springframework.org/schema/batch/spring-batch-3.0.xsd
  http://www.springframework.org/schema/util http://www.springframework.org/schema/util/spring-util-2.0.xsd">
 
 
 <!-- define the job repository -->
 <bean id="jobRepository"
  class="org.springframework.batch.core.repository.support.MapJobRepositoryFactoryBean">
 </bean>
 
 <!--define the launcher and pass the jobRepository as setter injection -->
 <bean id="jobLauncher"
  class="org.springframework.batch.core.launch.support.SimpleJobLauncher">
  <property name="jobRepository" ref="jobRepository" />
   
 </bean>
 
 <!-- multi-threading -->
 <bean id="taskExecutor" class="org.springframework.core.task.SimpleAsyncTaskExecutor">
  <property name="concurrencyLimit" value="3" />
 </bean>
 
 <bean id="transactionManager"
  class="org.springframework.batch.support.transaction.ResourcelessTransactionManager" />
 
 <job id="simpleJob" xmlns="http://www.springframework.org/schema/batch">
  <step id="simpleStep">
   <tasklet task-executor="taskExecutor">
    <chunk reader="simpleReader" writer="simpleWriter"
     commit-interval="1">
 
    </chunk>
   </tasklet>
 
  </step>
 </job>
 <bean id="simpleReader"
  class="com.mytutorail.reader.SimpleReader"/>
  <bean id="simpleWriter"
  class="com.mytutorail.writer.SimpleWriter"/>
 </beans>