<?xml version="1.0" encoding="UTF-8"?>
<beans xmlns="http://www.springframework.org/schema/beans"
	xmlns:batch="http://www.springframework.org/schema/batch"
	xmlns:context="http://www.springframework.org/schema/context"
	xmlns:task="http://www.springframework.org/schema/task"
	xmlns:xsi="http://www.w3.org/2001/XMLSchema-instance"
	xsi:schemaLocation="http://www.springframework.org/schema/batch
	http://www.springframework.org/schema/batch/spring-batch-2.2.xsd
	http://www.springframework.org/schema/beans
	http://www.springframework.org/schema/beans/spring-beans-3.2.xsd
	http://www.springframework.org/schema/context
	http://www.springframework.org/schema/context/spring-context-3.2.xsd
	http://www.springframework.org/schema/task
        http://www.springframework.org/schema/task/spring-task-3.2.xsd
	">

  <context:component-scan base-package="com.sample" />

  <!-- job context -->
  <bean id="jobRepository"
	class="org.springframework.batch.core.repository.support.MapJobRepositoryFactoryBean">
	<property name="transactionManager" ref="transactionManager" />
  </bean>

  <bean id="transactionManager"
	class="org.springframework.batch.support.transaction.ResourcelessTransactionManager" />

  <bean id="jobLauncher"
	class="org.springframework.batch.core.launch.support.SimpleJobLauncher">
	<property name="jobRepository" ref="jobRepository" />
  </bean>
  <!-- job context -->

  <bean id="report" class="com.sample.model.Report" scope="prototype" />

  <bean id="customWriter" class="com.sample.writers.CustomWriter" />

  <batch:job id="reportJob">
	<batch:step id="step1">
	  <batch:tasklet>
		<batch:chunk reader="cvsFileItemReader" writer="customWriter"
			commit-interval="10">
		</batch:chunk>
	  </batch:tasklet>
	</batch:step>
   </batch:job>

  <bean id="cvsFileItemReader"
        class="org.springframework.batch.item.file.FlatFileItemReader">

	<!-- Read a csv file -->
	<property name="resource" value="classpath:cvs/input/report.csv" />

	<property name="lineMapper">
	  <bean class="org.springframework.batch.item.file.mapping.DefaultLineMapper">
		<property name="lineTokenizer">
		  <bean
			class="org.springframework.batch.item.file.transform.DelimitedLineTokenizer">
			<property name="names" value="id,impressions" />
		  </bean>
		</property>
		<property name="fieldSetMapper">
		  <bean
			class="org.springframework.batch.item.file.mapping.BeanWrapperFieldSetMapper">
			<property name="prototypeBeanName" value="report" />
		  </bean>
		</property>
	  </bean>
	</property>

  </bean>

  <bean id="runScheduler" class="com.sample.exec.RunScheduler" />

  <!-- Run every 5 seconds -->
  <task:scheduled-tasks>
    <!--
	<task:scheduled ref="runScheduler" method="run" fixed-delay="5000" />
    -->
	<task:scheduled ref="runScheduler" method="run" cron="*/60 * * * * *" />
   </task:scheduled-tasks>

</beans>